{"cameraMode":{"drawMode":0,"name":"Shaded","section":"Shading Mode"},"sceneLighting":true,"audioPlay":false,"sceneViewState":{"m_AlwaysRefresh":false,"showFog":true,"showSkybox":true,"showFlares":true,"showImageEffects":true,"showParticleSystems":true,"showVisualEffectGraphs":true,"m_FxEnabled":true},"in2DMode":false,"pivot":{"x":60.91352462768555,"y":6.27455997467041,"z":140.28004455566407},"rotation":{"x":0.026393750682473184,"y":0.008996021002531052,"z":-0.00023681884340476245,"w":0.9996172785758972},"size":9.825767517089844,"orthographic":false}